epoch,train_loss,val_auc_roc,val_acc,val_f1
1,0.149005,0.978863,0.954974,0.822566
2,0.112972,0.980005,0.956922,0.826443
3,0.107827,0.980281,0.957215,0.82673
4,0.104817,0.980439,0.956755,0.828352
5,0.102211,0.980667,0.957071,0.826338
6,0.1,0.980501,0.956719,0.827644
7,0.097532,0.97973,0.95682,0.826485
8,0.095253,0.979032,0.955755,0.822463
9,0.09293,0.979556,0.956356,0.824103
10,0.09074,0.978833,0.956238,0.822186
11,0.088608,0.978919,0.95645,0.822891
